INSERT INTO Plans(name, price, applyLimit, postLimit, userType)
VALUES ('Employee Basic', 0, 0, 0, 'employee'),
       ('Employee Prime', 10, 5, 0, 'employee'),
       ('Employee Gold', 20, NULL, 0, 'employee'),
       ('Employer Prime', 50, 0, 5, 'employer'),
       ('Employer Gold', 100, 0, NULL, 'employer'),
       ('Admin', 0, 0, 0, 'admin');

INSERT INTO Users (userID,
                   planID,
                   email,
                   password,
                   dateCreated,
                   isActive,
                   balance,
                   isAutomatic)
VALUES ('gordon',
        1,
        'gordon@comp353.com',
        'gordon',
        '2020-01-15',
        TRUE,
        0,
        TRUE),
       ('tiffany',
        2,
        'tiffany@comp353.com',
        'tiffany',
        '2020-02-15',
        TRUE,
        10,
        FALSE),
       ('simba',
        2,
        'simba@comp353.com',
        'simba',
        '2019-12-15',
        TRUE,
        0,
        TRUE),
       ('arun',
        3,
        'arun@comp353.com',
        'arun',
        '2020-03-15',
        TRUE,
        10,
        FALSE),
       ('leo',
        4,
        'leo@comp353.com',
        'leo',
        '2020-04-15',
        FALSE,
        0,
        TRUE),
       ('bob',
        5,
        'bob@comp353.com',
        'bob',
        '2020-05-15',
        TRUE,
        -100,
        FALSE),
       ('alice',
        6,
        'alice@comp353.com',
        'alice',
        '2020-06-15',
        TRUE,
        0,
        TRUE),
       ('khaled',
        1,
        'khaled@comp353.com',
        'khaled',
        '2019-06-15',
        TRUE,
        -50,
        TRUE),
       ('sujan',
        2,
        'sujan@comp353.com',
        'sujan',
        '2019-06-15',
        FALSE,
        -50,
        TRUE),
       ('joe',
        4,
        'joe@comp353.com',
        'joe',
        '2020-01-14',
        TRUE,
        0,
        TRUE),
       ('tyson',
        2,
        'tyson@comp353.com',
        'tyson',
        '2020-03-15',
        TRUE,
        -10,
        TRUE);

INSERT INTO Job_Categories_List(categoryName)
VALUES ('Human Resources'),
       ('Software Developer'),
       ('Business Analyst'),
       ('IT Help Desk'),
       ('System Administrator'),
       ('Database Administrator');

INSERT INTO Location (address, city, postalCode, province)
VALUES ('3269  Brew Creek Rd', 'North Pender Island', 'V0N 2M1', 'British Columbia'),
       ('1046  Scotts Lane', 'Cobble Hill', 'V0R 1L1', 'British Columbia'),
       ('3719  Toy Avenue', 'Pickering', 'L1S 6L6', 'Ontario'),
       ('4470  rue des Églises Est', 'Ile Perrot', 'J0P 1K0', 'Quebec');

INSERT INTO Jobs(userID, locationID, title, salary, description, positionsAvailable, datePosted, status)
VALUES (10, 1, 'Python Developer', 80000, 'Must know snakes', 5, '2020-08-01', 'active'),
       (10, 2, 'Java Developer', 60000, 'Must like coffee', 2, '2020-08-02', 'active'),
       (10, 3, 'JavaScript Developer', 70000, 'Must know all frameworks', 8, '2020-08-03', 'active'),
       (10, 4, 'Rust Developer', 85000, 'We will ask about metals', 3, '2020-08-04', 'active');

INSERT INTO Job_Categories (jobID, jobCategoryID)
VALUES (1, 2),
       (2, 2),
       (3, 2),
       (4, 2);

INSERT INTO Payment_Methods(userID, isPreSelected, cardNumber, paymentType)
VALUES ('gordon', TRUE, 1234, 'debit'),
       ('tiffany', TRUE, 1112, 'credit'),
       ('tiffany', FALSE, 8312, 'credit'),
       ('arun', TRUE, 1718, 'credit'),
       ('leo', TRUE, 2324, 'debit'),
       ('bob', TRUE, 2930, 'credit'),
       ('tyson', TRUE, 3536, 'debit'),
       ('khaled', TRUE, 94364, 'credit'),
       ('sujan', TRUE, 5392, 'debit'),
       ('simba', TRUE, 12341234, 'credit');
